energy,impacte,X,Y,Z,altitude,velocity,vx,vy,vz
3.7,0.13,0.500364375970746,0.7734455654321692,0.3891239501402063,33.1,31.3,-29.3,5.1,9.7
4.6,0.15,-0.5388284435115872,0.8079391673130394,0.23853345757858105,23.0,14.4,14.1,-2.7,1.6
21.7,0.6,0.0785220453122195,0.4408202458397218,0.8941542368393682,37.0,28.3,20.7,14.6,12.7
3.8,0.13,0.9414269435968479,0.2950253208247481,0.16332596224162232,37.0,18.3,-17.9,-3.9,0.1
2.6,0.092,0.5206911070474656,0.5152667945884933,0.6807208689589178,33.8,17.6,2.8,12.7,11.9
29.1,0.78,-0.693048696923495,0.06307237234781425,0.7181262977631889,44.2,30.2,15.5,24.9,-7.0
3.0,0.1,0.4136048792486868,0.9033914081140559,0.11320321376790683,35.3,19.8,-12.2,14.9,-4.8
5.4,0.18,-0.9403189153454393,0.3073435963374057,0.14608302856241165,37.0,19.3,19.3,-0.4,-1.3
8.1,0.25,-0.11597209674759383,0.6510636343659616,0.7501110696304596,35.4,16.1,6.4,-12.5,-7.8
171.9,3.8,-0.6255082042084256,0.7020550179755943,0.3403795502130501,44.0,21.8,3.3,20.4,-6.8
15.1,0.44,-0.2192532984348012,0.9203290157945174,0.3239174181981494,36.1,15.6,-9.5,12.2,1.9
2.6,0.092,-0.5772337058326931,0.7772458442605877,0.2503800040544415,38.3,25.7,2.6,4.1,-25.2
54.3,1.4,0.4464348738422402,0.8686683156901244,0.21473532716706334,40.4,16.5,7.3,-2.0,-16.4
358.4,7.2,-0.7492639645875696,0.5874979930978751,0.3056953049631057,29.0,27.9,25.4,6.9,9.3
2.4,0.086,0.670140315819171,0.12662432721131828,0.7313537016191706,29.6,16.2,-15.6,-3.8,-1.8
309.7,6.3,0.7597432092644507,0.5519857518939,0.34365969458561607,41.4,17.2,1.6,-14.7,8.8
7.2,0.23,-0.183386557468568,0.5065997723220362,0.8424523970071476,31.2,22.1,8.6,3.6,-20.0
2.4,0.086,0.23159654753747907,0.9288830171360491,0.2890317969444716,61.8,46.4,21.4,-40.6,7.1
6.4,0.2,0.03469912042967492,0.7641339677205975,0.6441236297613865,32.0,25.3,16.1,-19.3,2.6
20.3,0.57,-0.33714916557882535,0.9313642879744447,0.13744454603714681,37.0,23.0,-1.1,-22.9,1.2
18.4,0.52,0.39988927697103216,0.5364926229965872,0.7431448254773944,32.3,15.6,-15.1,3.7,-0.9
2.9,0.1,-0.8326596959747381,0.09192648625641874,0.5461019610144291,38.0,14.2,7.8,-5.6,-10.5
4.6,0.15,0.8081054128801898,0.2719575179021741,0.5224985647159489,33.5,17.5,-16.1,4.5,-5.2
9.0,0.28,-0.4938541844126023,0.4938541844126024,0.7156927337037359,27.0,16.7,2.3,-0.4,16.5
6.2,0.2,-0.03742011166712675,0.7386838917304729,0.6730125135097733,32.3,16.4,0.2,-12.3,-10.9
6.2,0.2,0.8404741659308927,0.030818788601916804,0.5409744713679939,20.0,18.7,-5.7,14.0,11.0
3.4,0.12,-0.3256090160304426,0.909390713924387,0.25881904510252074,26.0,21.7,9.0,12.3,15.4
3.2,0.11,0.3389514156170892,0.6768703362774713,0.6534206039901055,35.8,17.4,-13.9,-4.3,9.5
2.4,0.086,-0.9113815758698343,0.22892322888799738,0.3420201433256688,14.0,21.9,18.4,-11.4,-3.5
25.1,0.68,0.053782563588885134,0.9930665819675487,0.10452846326765346,37.5,29.9,-17.1,23.5,-7.2
52.4,1.3,0.7086620298704638,0.035899269753781535,0.7046342099635947,38.1,19.8,-6.1,17.7,6.5
8.7,0.27,0.17622248833225762,0.7397045809822342,0.6494480483301837,33.6,15.2,-2.1,-2.2,14.9
6.0,0.19,0.860283182719898,0.3216467020373967,0.395545502562965,32.7,17.4,-7.1,15.5,-3.3
8.6,0.27,0.3700896665342952,0.6308025646718604,0.6819983600624986,32.2,16.0,-0.9,15.6,-3.6
2.7,0.095,-0.6001243353292458,0.7126705590281516,0.36325123047297836,22.0,20.2,17.9,-4.1,-8.3
6.5,0.21,-0.33463935645247367,0.09154696852235905,0.9378889346118977,19.0,20.1,0.2,-18.3,8.2
3.1,0.11,-0.45662546425282413,0.6037670905880003,0.6534206039901055,41.1,24.9,23.1,2.0,-9.2
3.9,0.13,0.20390443739222933,0.5284307008862262,0.8241261886220157,28.4,12.7,-4.2,11.6,3.2
5.2,0.17,0.5274282720694657,0.8375418825896688,0.1426289337055117,23.8,20.6,-19.3,-6.3,3.6
2.7,0.095,0.4329829078100462,0.8996720297556523,0.05582150499316394,31.5,19.7,-17.6,5.3,-7.2
37.8,0.98,0.2681604957974231,0.9540113472127757,0.1339861854182922,29.0,19.6,-16.6,-10.4,0.1
7.6,0.24,0.9355449051286578,0.35164821147538305,0.033155178388526274,56.7,18.2,-12.4,11.4,6.9
185.1,4.0,0.3377154117066909,0.05409324483048922,0.9396926207859083,33.3,17.2,-11.5,-5.3,-11.7
6.5,0.21,0.5509355779594457,0.8292247067609815,0.09410831331851428,32.4,21.5,-4.4,-19.6,-7.7
348.0,7.0,0.8598411002106146,0.17337437784180026,0.4802234974431889,26.5,13.1,-8.9,-7.3,-6.3
15.2,0.44,-0.7689621642629404,0.5964681955911303,0.23004973718810445,36.0,22.8,17.6,9.7,-10.8
5.4,0.18,0.5065235487181532,0.3957395681006682,0.766044443118978,36.6,20.0,-10.8,16.8,1.0
126.4,2.9,-0.49300826213030435,0.17749389602614957,0.8517269341430477,40.8,22.8,-2.5,5.3,22.0
2.0,0.073,-0.14662134200376628,0.3144304826214757,0.9378889346118977,44.0,22.0,7.4,-8.6,18.8
3.2,0.11,0.22724189754191557,0.39839745710811214,0.8886172326549489,56.0,18.2,10.3,-7.1,-13.2
4.0,0.13,-0.33592710892044186,0.7725794578653007,0.5387707850068632,38.4,19.7,0.2,-2.2,-19.6
2.4,0.086,-0.4829142581323971,0.8676256794157892,0.11840396830650095,35.0,23.0,7.0,-18.3,-12.0
3.7,0.13,0.38837418045116817,0.4865079329126617,0.7826081568524139,30.0,15.9,-14.1,-7.0,-1.9
2.0,0.073,-0.4640889744074158,0.223350940093225,0.8571673007021123,31.4,27.5,12.9,4.2,-23.9
13.7,0.4,-0.49966684911580295,0.3122265001775676,0.8079898838980305,28.0,21.2,-3.5,-9.0,-18.9
3.1,0.11,-0.3711184226014723,0.9278622500231508,0.036643708706556276,26.0,13.6,-4.4,6.9,10.9
3.7,0.13,-0.1078757926167165,0.7305334376099463,0.6743023875837234,26.4,14.7,-1.6,-11.9,-8.4
74.0,1.8,-0.6886524262078978,0.1948689943379974,0.6984152854310058,43.4,15.7,0.7,15.7,-0.5
2.1,0.076,-0.6389259212229517,0.5173920094007571,0.5692795234308443,31.0,26.6,9.6,-24.4,-4.6
2.1,0.076,0.16878391074669954,0.8764824212583506,0.4508775406894308,44.4,14.1,-2.8,12.6,5.6
489.8,9.5,-0.09168839527660225,0.8440060216417143,0.5284383347223471,35.5,13.6,-2.6,5.9,-12.1
2.6,0.092,-0.5920356507205671,0.589972654953825,0.5490228179981317,28.1,19.6,1.8,-16.5,-10.4
11.1,0.33,0.48155080255666394,0.14538875907344906,0.8642748019537047,22.3,16.7,-10.8,1.2,-12.7
11.4,0.34,-0.9370672021737534,0.33367462143695703,0.10279253678724691,28.5,17.6,10.9,-13.8,-0.1
4.4,0.15,-0.63823124880042,0.6725554053191318,0.3746065934159122,40.0,17.6,-9.4,14.1,-4.9
3.6,0.12,-0.7027668034603114,0.6834108542805172,0.19765734037912627,36.0,16.4,15.6,1.5,4.9
4.1,0.14,-0.9830220035920828,0.17864537519499213,0.04187565372919975,46.0,11.7,10.2,2.9,-4.9
6.4,0.2,-0.6186889943763352,0.6519621660038473,0.43837114678907746,27.8,23.4,7.8,-21.7,3.7
7.4,0.23,0.6766757381304589,0.4598683567590233,0.5750052520432787,38.0,11.1,0.5,6.0,9.3
5.0,0.16,0.6066309035372138,0.12011615346125848,0.7858568931754019,31.6,14.1,-2.9,-1.0,-13.8
7.5,0.23,0.18192111459156163,0.6344343226662492,0.7512641335035112,29.4,18.3,-5.0,-13.0,-11.9
5.7,0.18,0.5652014123508561,0.5035760893428155,0.6534206039901055,29.3,14.9,-6.0,-7.3,-11.5
4.1,0.14,-0.4655202884122289,0.5355198327098409,0.7046342099635947,31.2,14.5,-13.0,-4.0,-5.0
12.4,0.37,0.7196870767367567,0.31292884706460083,0.6197790317951402,26.5,20.7,-10.0,3.2,17.8
39.4,1.0,-0.0083441500772804,0.5975668928722551,0.801775644243754,24.3,19.8,-5.2,2.2,19.0
11.5,0.34,0.6743008430713381,0.18194033075971916,0.7156927337037359,34.5,21.5,-18.2,-11.3,-2.1
2.7,0.095,0.20274362753052066,0.8576659000551657,0.47255076486905406,41.7,31.7,-27.8,-14.3,-5.2
4.4,0.15,0.8622181073145797,0.022577975733672383,0.5060337641211637,32.5,19.8,-2.0,-16.6,-10.6
2.6,0.092,0.7161268466315943,0.5164869710543163,0.46947156278589086,32.0,21.2,-18.6,-9.0,-4.7
2.8,0.098,0.6920380030673245,0.4720763184981689,0.5461019610144291,43.3,27.4,-7.5,-23.5,-11.9
9.7,0.29,0.38364321756664094,0.8616767747136115,0.3321611318837034,14.5,15.5,-13.2,8.1,1.2
5.9,0.19,-0.13961209192178253,0.2812467354364605,0.9494254776419039,27.8,12.9,9.8,-4.5,7.0
6.5,0.21,-0.4660158098163662,0.29574262587012967,0.8338858220671682,35.5,22.2,14.9,-8.1,-14.3
3.9,0.13,-0.6389752270979947,0.21132085201373016,0.7396310949786098,37.0,17.8,13.7,-10.9,-3.3
2.7,0.095,0.690929686459814,0.4267268716844278,0.5835412113561176,35.0,13.0,-11.6,-2.5,-5.4
2.5,0.089,0.8348736588756309,0.40179755790803173,0.37622426313936563,22.5,24.7,-22.8,-5.5,7.6
11.0,0.33,-0.7886036496711794,0.587807044805779,0.18051914525056006,38.0,27.4,5.2,12.3,23.9
20.6,0.57,-0.38874600696321865,0.6009098361205945,0.6984152854310058,47.3,14.1,1.5,-12.9,-5.4
2.3,0.082,-0.28869858853122415,0.932634450628114,0.2164396139381029,52.0,20.4,-10.1,11.2,13.7
10.9,0.33,0.6516988416052883,0.4313500535064983,0.6238795967093863,38.0,15.9,-12.9,8.1,4.6
4.2,0.14,-0.5690593222947105,0.7579158572833682,0.31895930929807004,27.4,13.5,5.2,-8.1,9.5
16.9,0.48,0.5732329468173418,0.09284347825522404,0.8141155183563192,42.0,18.5,-18.1,-0.4,3.7
5.9,0.19,0.6092801398217536,0.6719423748215018,0.42103581336749113,30.6,17.2,-11.7,11.7,4.6
4.0,0.13,-0.601349141079754,0.7065828504654096,0.37298778257580895,39.8,13.4,11.1,-5.2,5.4
2.5,0.089,0.7724422421107279,0.09484398152042084,0.6279630576493379,36.0,14.9,-3.9,4.0,-13.8
25.5,0.69,-0.6011834743149804,0.3815226341649233,0.7021530529951624,30.6,16.1,1.5,15.1,-5.5
3.2,0.11,-0.5930308641997629,0.7194039646953749,0.3616245700820924,59.0,42.3,25.2,31.2,-13.3
294.7,6.0,0.3899765213175866,0.8841951365538594,0.2571327931546963,25.0,14.9,-13.4,6.0,2.5
4.2,0.14,0.497680031035195,0.23525227291852407,0.8348478632634065,24.4,17.5,3.8,-5.8,16.1
4.9,0.16,0.009889305473610572,0.9443245894819056,0.3288666467385833,29.2,15.8,0.2,-15.7,2.1
65.6,1.6,-0.574588219259699,0.5265130975308209,0.6266038113644605,31.5,11.5,4.4,-8.5,6.4
3.3,0.11,-0.6226146881504114,0.6723627013971879,0.40034903255689513,33.3,15.2,7.3,-12.2,5.3
12.4,0.37,0.24887974388027365,0.6098611956482624,0.7524149088957244,33.3,11.4,3.4,-4.2,10.0
2.9,0.1,0.25212574368564317,0.9153367396573343,0.3139924559674051,30.6,15.9,-2.5,5.9,-14.6
7.0,0.22,-0.04714475905107048,0.5499198191094585,0.8338858220671682,41.5,18.1,6.2,11.1,-12.9
2.0,0.073,-0.7028814686253293,0.5835434381796517,0.4067366430758004,28.7,16.2,10.2,0.4,12.6
4.6,0.15,-0.04400571979127363,0.4408804563189533,0.8964864303834406,31.5,14.4,5.4,-13.2,1.7
195.8,4.2,0.8712014770676233,0.41181505157806897,0.26723837607825696,26.0,20.8,-16.6,-12.6,0.6
57.9,1.4,0.09977839426120055,0.9184757278403878,0.38268343236508984,23.7,16.3,-2.4,13.6,8.7
3.6,0.12,0.9449429877486863,0.10766265411952093,0.30901699437494745,42.5,11.6,-8.6,-5.9,5.0
8.9,0.27,-0.672365885778519,0.06592605150802182,0.7372773368101241,31.8,16.5,9.9,7.6,10.8
3133.0,49.0,-0.5413047503193438,0.07222547407610412,0.8377187166204387,26.0,13.6,6.3,-3.0,-31.2
42.2,1.1,0.8979082530830058,0.10547997746756749,0.4273578633871925,27.4,17.4,-10.1,13.9,3.0
22.0,0.61,-0.6729594993959658,0.08382153666153852,0.7349145951499599,32.5,19.1,7.6,17.3,-2.7
3.8,0.13,0.6536641570608248,0.40371121163430834,0.6401096994849554,31.5,14.7,-13.2,-6.5,-0.4
80.6,1.9,0.5021483704666364,0.7673631435434926,0.39874906892524625,33.0,16.5,-16.2,2.8,0.6
5.3,0.17,0.5851583318676394,0.5831193006707044,0.5635260489375714,40.7,12.5,-11.0,2.5,-5.5
2.4,0.086,-0.7811764940913895,0.6236050024181717,0.02966624408511075,33.0,16.1,9.8,-9.6,-8.4
87.7,2.1,0.08122456430790716,0.21159722426304733,0.9739759672790517,43.3,24.4,20.4,12.9,-3.8
2.9,0.1,0.829207212386804,0.1777666231896321,0.5299192642332049,63.0,14.1,-10.0,-1.0,-9.9
122.4,2.8,0.475780217732028,0.3730593439484275,0.7965299180241963,27.2,14.4,-8.9,-4.3,-10.5
37.5,0.98,0.856289421466419,0.3687764865032036,0.3616245700820924,28.7,16.9,0.9,-16.4,3.9
3.8,0.13,0.6774282718273201,0.08918512392238,0.7301622766207524,39.0,11.5,1.3,-2.1,-11.2
3.0,0.1,0.700700035721994,0.01712474001421901,0.7132504491541817,34.0,13.1,8.7,-9.5,2.5
3.6,0.12,0.35906657246868473,0.3692362592469017,0.8571673007021123,28.2,14.6,7.1,-4.6,11.9
7.2,0.23,0.9894884714139252,0.06225333793032963,0.1305261922200517,30.0,20.9,-9.1,-2.5,18.6
51.2,1.3,0.27687307320818716,0.8835030510126467,0.37784078681846706,31.5,10.9,-5.9,-9.1,1.4
7.1,0.22,0.7755466213822536,0.586541303027123,0.23344536385590547,31.5,13.1,-0.9,13.1,-0.4
19.0,0.53,-0.23297506529077883,0.9139975937706262,0.3321611318837034,37.0,16.5,8.1,-8.4,-11.7
19.9,0.56,0.3335088759386935,0.5175044752176305,0.788010753606722,43.6,23.7,18.6,-12.1,8.4
2.8,0.098,0.3421746803233117,0.4459307253411683,0.8270805742745618,26.0,21.0,0.8,2.2,-20.9
311.4,6.4,-0.4894238098651233,0.08629862268035099,0.8677654533689285,20.0,31.4,27.8,-4.7,-13.9
2.8,0.098,-0.6449663194020757,0.6449663194020757,0.40992303384157275,33.3,11.4,6.7,-3.4,8.6
2.4,0.086,0.6239531804671294,0.6153014107528537,0.4817536741017153,35.4,16.7,-5.7,-10.7,-11.5
3.3,0.11,-0.25939268923492476,0.3296293103471053,0.9077774785329087,24.1,15.9,9.5,-8.3,9.7
19.2,0.54,-0.1440742192115223,0.8702818090186318,0.4710118812194102,37.0,14.6,-8.5,-9.0,7.8
3.8,0.13,-0.295031951779681,0.5815397455954471,0.7581343361976522,36.0,14.7,12.7,-6.1,-4.2
3.5,0.12,0.3446364276887007,0.9316733248014301,0.11493715049286661,38.0,17.2,-0.4,8.7,-14.8
7.3,0.23,0.4501444995306067,0.8021480639367915,0.3923371166035615,35.0,13.7,-10.0,-6.5,-6.8
9.4,0.29,-0.5790199478343875,0.589214979594607,0.5635260489375714,20.0,15.2,10.9,-9.7,4.2
18.4,0.52,-0.43894000193514987,0.3224334864173856,0.838670567945424,35.1,24.3,17.7,13.1,-10.3
63.6,1.6,-0.39894017504725277,0.42781096089244364,0.8110638189893268,33.3,13.6,8.7,-5.7,8.8
9.0,0.28,-0.20192222501463392,0.9665471746414996,0.1581580672544835,46.0,18.4,-6.5,-16.5,-5.0
15.0,0.43,0.5012651961895542,0.7487810103386309,0.43365908458754443,32.4,21.5,-13.4,-14.2,8.9
40.0,1.0,0.7231890486136178,0.2349783659945012,0.6494480483301837,23.0,36.5,-15.3,25.8,-20.8
6.5,0.21,0.8463076987787447,0.20318050212274966,0.4924235601034671,25.4,12.2,-7.6,-9.3,2.2
29.5,0.79,0.4910527828109981,0.8644092223366537,0.10799935570602284,38.0,24.2,-6.6,-22.7,-5.3
3.8,0.13,0.6075543623713151,0.7063471103667458,0.36325123047297836,42.0,29.7,-22.4,16.4,-10.5
13.8,0.4,0.16259503042363366,0.9512201063293219,0.2621891786408647,30.6,17.4,9.1,-11.2,9.7
3.1,0.11,0.8014492973636391,0.09414865442772533,0.5906056676199255,27.8,14.2,-10.0,3.9,-9.3
7.1,0.22,-0.6181964822455595,0.016188044598429648,0.7858568931754019,40.0,17.5,-2.5,-3.3,17.0
7.6,0.24,0.7106979738863423,0.7008433960126249,0.06104853953485691,54.0,18.3,3.5,-16.2,7.7
18.4,0.52,0.4269884938771925,0.5834057937328987,0.6908824110768584,34.3,14.9,-0.7,-11.4,9.6
15.3,0.44,0.6612111443234271,0.7499968240813103,0.0174524064372836,38.2,25.1,-10.3,-2.0,-22.8
45.8,1.2,0.9415389522950106,0.19841337752968577,0.27228024704057435,33.3,29.1,-29.1,1.5,0.7
33.1,0.87,-0.7124722643468079,0.6347896321643764,0.2990407922560867,28.7,14.5,6.0,-11.9,5.7
2.0,0.073,0.8115440501061928,0.21897139002506308,0.5417082102827399,30.6,20.8,5.4,-9.9,17.5
51.9,1.3,0.9918238632036277,0.11475793637099709,0.05582150499316394,41.7,12.2,-6.7,-3.3,-9.6
22.4,0.62,0.9056479311537219,0.2342164802318852,0.35347484377925714,31.5,17.1,-3.5,2.2,-16.6
65.5,1.6,-0.7947516818735929,0.47753498754376195,0.3746065934159122,35.2,15.1,4.7,-12.9,-6.4
3.2,0.11,0.6494745678561058,0.07170265983154891,0.7569950556517565,42.0,13.3,-7.6,9.1,6.0
5.8,0.19,0.4210975348571714,0.5200121484190408,0.7431448254773944,31.8,11.7,4.8,-7.1,7.9
3.5,0.12,0.3275521350065472,0.7792157374913737,0.5343523493898263,44.0,17.9,-8.5,-1.6,-15.7
20.2,0.56,0.9795021435658536,0.20106291463243395,0.012217000835247136,39.4,15.5,-14.9,-0.5,4.1
685.3,13.0,0.7784921453770741,0.37132170574256346,0.5060337641211637,31.0,15.6,2.7,14.5,5.0
5.0,0.16,0.4137109391149107,0.5611438670206369,0.7169106076504828,37.0,11.5,-10.0,-4.4,3.6
4.6,0.15,0.982213942297633,0.012000604162605033,0.18738131458572474,42.5,18.1,-3.8,-17.7,-1.2
8.3,0.26,-0.7944049916938536,0.5986270989127798,0.10279253678724691,42.2,12.1,6.4,-10.0,2.5
2.3,0.082,0.6028370046288244,0.7856324801198753,0.13917310096006547,38.9,12.9,-6.6,3.8,10.4
3.6,0.12,0.5871266833677048,0.2265533320628039,0.7771459614569709,51.8,11.8,-1.3,-5.1,10.6
2.0,0.073,0.8616615208530208,0.4954773500884101,0.10973431109104537,44.4,16.1,-11.5,-11.3,-0.9
179.8,3.9,-0.1497824954378156,0.9564910128329062,0.2503800040544415,29.3,21.0,16.8,-12.0,-3.8
3.7,0.13,0.5927411637536106,0.5009051194716525,0.6306758074312863,39.8,24.1,10.3,-12.2,-18.0
2.3,0.082,0.03919810498852072,0.9352384524885464,0.3518416484047019,22.0,17.8,9.4,13.0,7.8
5.6,0.18,-0.1771326368623938,0.7611821580725003,0.6238795967093863,46.3,49.0,0.9,-40.4,-27.7
7.1,0.22,-0.5572532707015109,0.8230596413759105,0.10973431109104537,32.4,31.9,-4.7,-17.8,-26.0
14.3,0.42,-0.690830850287932,0.008440510993183423,0.7229671459095681,29.6,12.2,11.2,0.9,4.7
5.2,0.17,0.8113885715681473,0.45533003056924204,0.3665012267242973,37.0,17.3,-16.2,-5.8,1.4
10.5,0.32,-0.49886455038470245,0.43213002913554516,0.7512641335035112,26.7,12.9,12.2,-4.2,0.9
8.8,0.27,0.6096482101472973,0.5043448611671915,0.6115270401858313,37.4,21.3,-15.3,12.8,7.4
17.3,0.49,0.561872550321516,0.7063706057871563,0.43051109680829525,36.3,19.2,8.0,-15.6,-7.9
6.4,0.2,0.8042700587512378,0.07744239845093515,0.5891963573533421,33.1,13.8,-13.7,-1.7,0.8
7.2,0.23,-0.48160239793266674,0.8652687318253589,0.13917310096006547,35.2,19.9,5.5,-10.5,-16.0
5.5,0.18,0.03188670468171918,0.9612125595090675,0.27395921869243256,39.8,18.0,7.8,-16.0,-2.5
18.8,0.53,-0.3211005225035308,0.19293665872154472,0.9271838545667874,33.7,21.1,5.6,-2.3,-20.2
3.3,0.11,0.971408567209731,0.19234407586587354,0.13917310096006547,39.0,28.8,-28.2,3.4,4.6
13.9,0.41,0.875772857691395,0.48146020278000123,0.03489949670250108,36.0,17.5,-10.7,-7.6,11.6
13.6,0.4,0.6228450261858914,0.3159873166428829,0.7156927337037359,45.5,35.7,-35.4,1.8,-4.4
2.0,0.073,-0.6559386419837692,0.5503978725635068,0.5165333288666419,38.1,18.1,4.5,-14.4,-10.0
4.4,0.15,-0.054777605919489304,0.017692684633229514,0.9983418166140283,30.7,21.7,15.3,-13.3,-7.8
3.3,0.11,-0.6822434496889871,0.47948872729304837,0.5519369853120583,26.3,12.0,11.5,-2.8,-2.2
70.0,1.7,-0.6915141910891489,0.08858501092473563,0.7169106076504828,26.1,13.4,0.4,-1.4,13.3
11.8,0.35,-0.35020258070333576,0.0018336731817708226,0.9366721892483977,23.3,25.3,21.3,2.2,13.4
10.5,0.32,0.33926139928148125,0.15104890677802826,0.9284858268809136,37.0,19.9,-7.0,16.1,9.4
15.6,0.45,-0.31778933037385143,0.6573788038114242,0.6832737736807992,22.2,16.0,-7.2,-12.1,-7.7
2.9,0.1,-0.48756246821591237,0.8723903167259021,0.03489949670250108,27.2,16.9,15.0,-6.9,-3.5
381.9,7.6,-0.32089891621388267,0.34897494971739396,0.880477353509162,22.2,16.2,-2.3,5.7,16.5
24.5,0.67,-0.7373202382001225,0.5928206917174532,0.3239174181981494,26.3,12.4,12.0,3.5,-10.5
6.1,0.2,-0.01881818849015254,0.31674614560922854,0.9483236552061993,28.5,11.2,7.0,2.9,8.3
13.6,0.4,-0.07943124428046712,0.7686402624388361,0.6347305132022676,30.8,18.0,2.9,13.4,-12.5
30.9,0.82,-0.7153344569477973,0.04751246220713198,0.6971651028545647,44.0,16.5,14.4,4.6,6.5
105.0,2.4,0.03767030594827957,0.7987969085251755,0.6004202253258841,35.4,19.0,-2.0,-16.1,9.9
3.9,0.13,-0.4583076115822708,0.7478900491844948,0.4802234974431889,30.7,16.3,10.0,-12.7,2.2
7.8,0.24,0.4315324012919635,0.9006776010591059,0.05059294007671333,37.0,16.2,-5.2,-15.1,2.6
3.1,0.11,-0.8441106033654053,0.5356888781573206,0.02268733357278134,18.7,44.8,-3.4,-43.5,-10.3
14.7,0.43,0.7711545305401187,0.02692930960350842,0.636078220277764,34.3,15.1,-1.1,11.4,-9.9
6.4,0.2,-0.8123034586946059,0.21613723858940165,0.5417082102827399,23.5,11.8,2.3,2.5,-11.3
7.5,0.23,0.5801101696369498,0.4107408953852928,0.703394702810504,59.3,12.4,-5.0,-11.0,-2.7
161.0,3.5,0.8564145574401814,0.39935266668978053,0.3272178989791041,22.2,12.8,-8.0,8.4,-5.5
6.9,0.22,-0.6225828569788089,0.5785396924918528,0.5269557954966777,29.1,17.8,17.7,-2.3,-0.1
39.0,1.0,-0.0022343998284055614,0.6401057997176145,0.7682835235935234,25.6,18.8,15.9,-8.6,5.1
12.0,0.36,-0.9149471258090833,0.40353976465331554,0.005235963831419537,26.5,22.1,16.0,14.9,-3.3
511.0,10.0,0.7000190778009472,0.4156409122587546,0.5807029557109398,21.2,12.1,1.0,9.0,-8.0
106.6,2.5,0.37837520495378746,0.7968563308566554,0.4710118812194102,40.7,14.9,5.0,14.0,1.0
37500.0,440.0,0.2785795835437387,0.5046460450231127,0.8171448983351285,23.3,18.6,12.8,-13.3,-2.4
2.5,0.089,0.8686673629966318,0.49347174337579924,0.04361938736533601,33.3,14.3,-12.2,-5.3,5.3
2.3,0.082,0.16337116752557365,0.1919604724583321,0.9677091704819712,29.3,13.2,-2.3,-3.9,12.4
21.0,0.58,0.058968627806462004,0.6238229214697799,0.7793379649314741,27.8,13.5,3.4,12.0,5.1
47.0,1.2,-0.36926672878929057,0.9185798418470372,0.1409012319375828,35.0,15.4,1.4,15.3,1.0
24.4,0.67,0.6127726330077267,0.7899817183240427,0.02094241988335705,28.1,18.3,-1.9,14.1,-11.5
2.3,0.082,-0.12767288937220167,0.32082780358158675,0.9384930227595559,23.8,16.9,-10.2,-5.2,12.4
6.8,0.22,0.41321949440618294,0.8547855795684995,0.3139924559674051,38.7,28.9,-8.0,-23.7,-14.5
24.9,0.68,-0.44439649500266254,0.8721772297018928,0.20449605184179045,36.0,12.7,5.0,-11.6,-0.7
13.3,0.39,0.6028298141572956,0.5333387668125239,0.5934188866037015,26.8,18.5,0.8,2.0,-18.4
13.2,0.39,-0.33704704529100477,0.33121520894870055,0.8813034520649922,33.3,17.1,-0.8,1.1,17.0
9.9,0.3,-0.7630690640587251,0.6448433550269509,0.04361938736533601,25.0,11.8,0.1,-11.8,0.3
15.0,0.43,0.8443266395173709,0.001473629478498741,0.5358267949789965,34.2,12.2,-3.9,10.9,4.0
2.1,0.076,-0.14867839625685444,0.41071953545906814,0.8995577789551803,26.3,12.3,-1.9,5.1,11.0
6.7,0.21,0.9131460331318435,0.22429017805588303,0.3403795502130501,21.3,16.7,-3.7,1.8,16.2
228.0,4.8,0.9678125288912788,0.24130276495507066,0.07149744433268597,59.0,11.6,-3.4,-10.8,2.4
14.8,0.43,0.23496139348540687,0.22297003696360346,0.9460853588275453,22.2,12.7,3.3,11.8,-3.5
3.7,0.13,-0.1428931136821457,0.5774042827177964,0.8038568606172173,30.6,11.9,-6.7,-1.1,-9.8
3.9,0.13,0.6481302359209726,0.6193667065209976,0.44307119082417984,44.4,18.0,10.3,-14.8,0.1
2000.0,33.0,-0.7306308479691593,0.29519402398371986,0.6156614753256584,26.0,18.1,18.0,-2.0,-4.0
175.0,3.8,-0.405207449464044,0.2661715439002482,0.8746197071393957,33.3,12.3,9.8,-3.5,6.5
756.0,14.0,-0.824248109101885,0.0793660659040414,0.5606389945632418,26.0,15.7,12.1,10.0,0.2
84.4,2.0,-0.9980439527568024,0.05405212835507428,0.031410759078128396,22.2,18.8,12.4,-13.2,-5.2
32.3,0.85,-0.042905246511012976,0.8469620494546186,0.5299192642332049,52.0,24.5,19.1,11.0,10.7
15.3,0.44,0.6161646386638358,0.23652344444363896,0.7512641335035112,37.0,15.1,-11.7,2.7,-9.1
49.2,1.2,0.8816739339130945,0.4492353074845908,0.14435620100097338,25.0,14.0,-9.1,6.0,8.8
1000.0,18.0,0.809359256339469,0.4523355992478892,0.3746065934159122,38.0,32.1,3.0,-17.0,27.0
2000.0,33.0,-0.5076743734346796,0.8584304846865585,0.07323819712763185,19.1,19.2,14.0,-16.0,-6.0
96.5,2.3,-0.25216370040656594,0.6928140728731603,0.6755902076156602,28.3,24.0,19.2,-11.6,-8.5
28.0,0.75,0.3602653455049881,0.11914637146247171,0.9252097183857821,34.0,12.2,-6.9,5.3,8.5
3.2,0.11,0.872620107490088,0.19505370353259155,0.4477590878387697,26.1,15.2,-11.6,1.6,9.7
27.0,0.73,0.6404850726747858,0.30824464916507,0.703394702810504,32.4,19.1,-18.9,2.6,0.3
160.0,3.5,0.19008000813472944,0.5166223337332848,0.8348478632634065,40.0,15.4,-2.4,-1.9,-15.1
3.5,0.12,-0.07484754506523632,0.35213001413445627,0.932953534825489,21.1,24.1,-13.4,18.0,8.8
14.6,0.42,-0.4410673492822363,0.2963849586449658,0.8471219213821372,34.8,23.7,21.5,10.0,0.4
14.2,0.41,-0.20437076623524264,0.564568009090849,0.7996846584870906,28.2,12.9,3.9,-4.1,-11.6
2.5,0.089,0.2122407628641904,0.8449658947350429,0.49090375361514094,35.2,22.4,-4.0,-15.2,-16.0
4.6,0.15,-0.8141586579530066,0.209040413777887,0.5417082102827399,29.6,11.3,9.6,5.8,1.5
39.5,1.0,0.7973909738748929,0.48672952922981877,0.3567379993196252,38.9,13.3,-9.0,9.0,3.8
4.1,0.14,-0.9483236552061993,1.1613615289039903e-16,0.3173046564050921,45.4,13.8,6.5,-12.1,1.7
12.1,0.36,0.2927627218576079,0.724613164040137,0.6238795967093863,31.5,14.5,-7.7,-8.2,-9.1
6.6,0.21,-0.24884151242008745,0.15975341172361815,0.9552783621223436,52.2,21.7,-12.9,1.9,-17.4
3.6,0.12,-0.34587951645608567,0.7186845508402079,0.6032079877452825,36.1,9.8,2.8,1.7,-9.2
17.2,0.49,0.8495811555319921,0.27113593265166375,0.45243470931178287,33.7,23.1,-17.9,13.0,6.6
15.0,0.43,-0.95096381111902,0.308986872637279,0.013962180339145352,37.0,14.2,7.9,3.1,11.4
5.0,0.16,0.6612886508285719,0.5850587765521514,0.46947156278589086,26.7,12.9,-4.1,4.8,-11.2
11.0,0.33,0.07442310777575298,0.24964735138219715,0.9654726308792251,40.4,13.9,-5.8,-10.7,-6.7
4.1,0.14,0.15202456323592856,0.36342641663078146,0.9191353392552344,31.5,11.6,4.3,5.7,9.1
3.3,0.11,-0.011720966496735872,0.023406229237009843,0.9996573249755573,37.0,18.4,-4.5,-14.1,-10.9
23.7,0.65,0.05126678971900597,0.651406326336106,0.7569950556517565,30.2,16.9,-9.2,13.6,3.8
4.9,0.16,-0.9062035886098776,0.14515029781204047,0.39714789063478056,35.2,17.0,16.7,-2.1,-2.2
11.2,0.33,-0.108442560638656,0.016787795351316363,0.9939609554551797,38.0,24.4,-5.3,-2.5,23.7
4.0,0.13,0.9897923450518826,0.07094919748851407,0.12360147674049282,32.5,14.5,-7.3,-1.9,-12.4
7.6,0.24,0.4176566357085448,0.5644305488534859,0.7120260459909965,32.0,13.4,-3.3,-12.8,-1.9
741.0,14.0,0.8064504806553834,0.39333218048023333,0.44150585279174526,26.5,15.9,4.9,-15.0,1.6
25.8,0.7,-0.6482978248950464,0.056718710266831125,0.7592713073348809,44.4,23.9,4.9,23.4,-1.0
123.0,2.8,-0.3174981289404351,0.9168798910156042,0.24192189559966767,44.1,14.2,10.0,-9.9,1.5
8.5,0.26,0.20201562847452254,0.017674077346585573,0.9792228106217657,29.6,12.4,0.1,2.0,12.2
16.3,0.47,0.5990986887831061,0.6117794384157648,0.5165333288666419,38.9,30.2,9.2,-1.2,-28.7
5.9,0.19,0.3280760544211326,0.13589355123108673,0.9348256763960145,40.7,19.6,6.1,4.6,-18.0
10.0,0.3,-0.6436612214569415,0.47454797967347057,0.6004202253258841,38.9,19.8,-8.8,3.4,-17.4
74.0,1.8,0.3429804785936524,0.5162271201289123,0.784776370533083,37.0,18.7,8.4,-16.4,3.2
2.8,0.098,0.8465351758042271,0.19077494119167812,0.4969739610275554,32.4,16.9,-9.9,-6.3,-12.2
19.0,0.53,-0.9043277484447525,0.42361807217938774,0.052335956242943966,42.2,20.7,18.6,8.5,3.2
8.8,0.27,-0.38241887391876905,0.7377607966311559,0.5562956155003048,32.2,17.0,-12.1,-9.6,7.2
7.3,0.23,-0.7097862418468514,0.4805614136381201,0.5150380749100543,30.7,13.8,13.5,-2.7,-0.7
2.5,0.089,0.5175872136528571,0.773162548933054,0.3665012267242973,37.0,16.9,-16.3,4.3,1.4
8.2,0.25,-0.004488096983951669,0.8571555508648403,0.5150380749100543,29.6,26.2,-1.5,25.3,6.7
2.6,0.092,-0.23544732712707403,0.06884961666856533,0.9694453498951389,15.2,16.6,9.6,-9.7,9.4
23.2,0.64,-0.533160965085578,0.3542312982836709,0.7682835235935234,38.5,16.8,9.3,13.8,2.5
11.9,0.35,-0.8423257805321235,0.39816557235755073,0.36325123047297836,35.2,21.5,20.2,-3.3,6.6
1037.0,18.0,0.2819623856832223,0.8426967421505586,0.4586495544843151,35.0,19.2,-15.3,1.0,11.6
181.0,3.9,-0.9949712377272807,0.09755778283048722,0.02268733357278134,43.0,19.5,9.4,17.0,-1.5
62.4,1.5,0.0835003987778517,0.710805017202514,0.6984152854310058,29.6,16.3,8.5,-12.1,-6.8
43.3,1.1,-0.93440323794289,0.2892461196682561,0.20791169081775945,35.0,25.6,10.5,-23.2,-2.9
51.8,1.3,-0.3107257874312312,0.2979753169313234,0.9025852843498606,23.0,20.1,14.8,-8.7,10.4
215.0,4.6,0.05536726953704876,0.931937164299562,0.3583679495453004,26.0,18.2,-1.0,-5.4,-17.3
7.4,0.23,0.6830305434218407,0.4503756619484568,0.5750052520432787,30.0,17.1,6.0,-10.6,12.0
